{"cameraMode":{"drawMode":0,"name":"Shaded","section":"Shading Mode"},"sceneLighting":true,"audioPlay":false,"sceneViewState":{"showFog":true,"showMaterialUpdate":false,"showSkybox":true,"showFlares":true,"showImageEffects":true,"showParticleSystems":true},"in2DMode":false,"pivot":{"x":3.479382276535034,"y":-6.229672431945801,"z":1.2328139543533326},"rotation":{"x":-0.36996743083000185,"y":-0.6169255375862122,"z":0.4035491347312927,"w":-0.5654681921005249},"size":6.682366847991943,"orthographic":false}