{"cameraMode":{"drawMode":0,"name":"Shaded","section":"Shading Mode"},"sceneLighting":true,"audioPlay":false,"sceneViewState":{"showFog":true,"showMaterialUpdate":false,"showSkybox":true,"showFlares":true,"showImageEffects":true,"showParticleSystems":true},"in2DMode":false,"pivot":{"x":375.94195556640627,"y":315.7392883300781,"z":110.20590209960938},"rotation":{"x":-0.009753337129950524,"y":-0.9902151226997376,"z":0.09416409581899643,"w":-0.10256236791610718},"size":273.435546875,"orthographic":false}