{"cameraMode":{"drawMode":0,"name":"Shaded","section":"Shading Mode"},"sceneLighting":true,"audioPlay":false,"sceneViewState":{"showFog":true,"showMaterialUpdate":false,"showSkybox":true,"showFlares":true,"showImageEffects":true,"showParticleSystems":true},"in2DMode":false,"pivot":{"x":0.7068521976470947,"y":2.4731593132019045,"z":1.7553071975708008},"rotation":{"x":0.26176416873931887,"y":0.10395106673240662,"z":-0.02828354947268963,"w":0.9591441750526428},"size":5.5735697746276859,"orthographic":false}